"com.software.app","FakeInstaller"
"com.driftwood.wallpaper.moonbun.free","Plankton"
"com.extend.battery","FakeDoc"
"com.Madjad.JigSaw.Lions","Plankton"
"com.operas.install","Opfake"
"QueiD9ej.ezahS1gi","Jifake"
"com.tutusw.onekeyvpn","DroidKungFu"
"com.software.application","FakeInstaller"
"com.christmasgame.balloon","Plankton"
"ivc.bpsehin.obiwntop","GinMaster"
"vbkoxh.cswnpr","Opfake"
"com.GoldDream.TingTing12i","Glodream"
"gse.emoev.utfbnbqao","GinMaster"
"org.game.TableTennisG","Plankton"
"com.extend.battery","FakeDoc"
"com.ysler.wps.cartoon","Imlog"
"com.android.security","Zitmo"
"com.gp.netscramblefull","DroidKungFu"
"org.tonee.undosms","Plankton"
"astyu.nbhjt","Opfake"
"com.johncar.terranowa","FakeInstaller"
"com.convertoman.proin","FakeInstaller"
"com.bytedroid.liveprints","Adrd"
"com.keji.danti719","BaseBridge"
"Jk7H.PwcD","Opfake"
"com.ps.pintu.view","DroidKungFu"
"iconosys.valentine.cn","Iconosys"
"com.bratolubzet.stlstart","FakeInstaller"
"com.evilsunflower.xiaoxiaole","DroidKungFu"
"com.soft.android.appinstaller","FakeInstaller"
"com.software.application","FakeInstaller"
"com.wqx.blackjack","DroidKungFu"
"com.soft.android.appinstaller","FakeInstaller"
"com.soft.android.appinstaller","FakeInstaller"
"ru.droid.install","Opfake"
"com.custom.lwp.MagictouchDrawsunonbeachone","Plankton"
"com.frosteam.amtale.main","Glodream"
"com.ps.wordsearch.view","DroidKungFu"
"com.bao.progimax.airhorn.free","Vdloader"
"com.extend.battery","FakeDoc"
"com.tutusw.phonespeedup","DroidKungFu"
"com.FourCobblers.Free.PhoneLock","FoCobers"
"vbkoxh.cswnpr","Opfake"
"org.zenthought.flashrec","ExploitLinuxLotoor"
"com.igamepower.appmaster","ExploitLinuxLotoor"
"park.deoulaffsg","GinMaster"
"com.evilsunflower.reader.evilKongzi3","DroidKungFu"
"net.android.app","Opfake"
"com.netmite.andme.launcher.galaxy","SMSreg"
"system.service","Stealer"
"com.carwall1","GinMaster"
"com.software.application","FakeInstaller"
"com.load.wap","FakeInstaller"
"com.mogo.dailymoney","DroidKungFu"
"com.keji.danti618","BaseBridge"
"com.gp.DropBubble","DroidKungFu"
"com.agewap.om","Opfake"
"com.tx.idcard","MobileTx"
"com.keji.danti614","BaseBridge"
"org.jaeger.wallpaper.fireworks.boa","Vdloader"
"com.livegame.wallpaperhaidibz","DroidKungFu"
"com.ozdroid.kaoshitong","BaseBridge"
"com.soft.android.appinstaller","FakeInstaller"
"cn.qq.tencent","Adrd"
"com.keji.danti416","BaseBridge"
"com.tx.chat","MobileTx"
"wap.syst","Opfake"
"com.chenjg.txtbrowser.yzya","BaseBridge"
"net.android.app","Opfake"
"com.iconosys.dancestrobe","Iconosys"
"Shi.wkCjdlqME","GinMaster"
"com.kumv.elbbwrlgpsavt.mewiqmip.smmql","GinMaster"
"com.zelmamarcelino12.smokeabowl","FakeRun"
"com.m_zxjbrqmn","GinMaster"
"com.activator","FakeInstaller"
"com.agewap.ero.gallery","Opfake"
"com.keji.danti412","BaseBridge"
"org.android.system","Spitmo"
"net.ponury.faceniff","FaceNiff"
"com.love.tester.scanner","Plankton"
"com.software.app","FakeInstaller"
"com.keji.danti417","BaseBridge"
"com.extend.battery","FakeDoc"
"com.tutusw.onekeyvpn","DroidKungFu"
"com.glu.android.dinercn","DroidKungFu"
"com.depositmobi","FakeInstaller"
"com.livewallpaper.aquarium","Plankton"
"nmwurmoxc.vwtavlp","Opfake"
"com.software.app","FakeInstaller"
"com.safetest.compass","DroidKungFu"
"ad.notify1","Opfake"
"com.ericliu.cg5","Geinimi"
"com.livewallpaper.livewp06_haydenpanettiere","Nyleaker"
"ru.installer.droid","Opfake"
"com.wallpapers.belsuebutterflies","Plankton"
"com.pintu_lzlhnyqwyx","GinMaster"
"net.akaish.videolw.water4","Plankton"
"com.beautifulphoto1","GinMaster"
"goldenshorestechnologies.brightestflashlight.free","Plankton"
"com.operas.install","Opfake"
"com.dy.game.lianliankan","DroidKungFu"
"com.virsir.android.chinamobile10086","SerBG"
"com.mj.iCartoon","Zsone"
"com.glu.android.dinercn","DroidKungFu"
"ru.jabox.android.smsbox.lovebox","SMSreg"
"com.stepbystep","GinMaster"
"com.keji.danti694","BaseBridge"
"com.qukijp.cdptra","GinMaster"
"com.evilsunflower.compass","DroidKungFu"
"com.android.JawbreakerSuper.Deamon","Yzhc"
"com.batteryinfo","JSmsHider"
"com.droidhen.falldown","BaseBridge"
"com.software.app","FakeInstaller"
"jp.ficnqqclujj.msfbwvl","GinMaster"
"com.androidblue.pstarlwp","Plankton"
"com.jx.theme.n1168570997","Kmin"
"com.talking_message.proversion","Plankton"
"com.BestPitStopsGold","Plankton"
"ynlxcd.cwductjwjc","Opfake"
"com.bntsxdn.pic","SMSZombie"
"com.network_l6","FakeInstaller"
"com.gp.zoo","DroidKungFu"
"com.keji.danti695","BaseBridge"
"ad.notify1","Opfake"
"com.alan.asianmeinv7","DroidKungFu"
"com.allen","DroidKungFu"
"com.gvrehtiqt.kebm","GinMaster"
"com.apk.op","PJApps"
"com.apostek.SlotMachine","Plankton"
"grippin.gra.in.faceniffgen","Faceniff"
"com.keji.danti683","BaseBridge"
"com.software.application","FakeInstaller"
"com.keji.fixedposition","BaseBridge"
"com.km.launcher","Kmin"
"org.android.system","Spitmo"
"com.freeapps.iphone4.fire.skull","Plankton"
"com.zft","ExploitLinuxLotoor"
"rtn.geqho.jsw.idlibr.bibnosarckiqg","GinMaster"
"baltorogames.nquaijhep","GinMaster"
"com.android.vending.sectool.v1","Bgserv"
"com.gmail.jaggersoftware.sheriffandroid","SheriDroid"
"download.youtube.downloader.v14","FakeRun"
"org.jiaxxhaha.netraffic","Adrd"
"bubei.mouses","Glodream"
"nuu643.JJK73f","Opfake"
"pmjwjd.ijtyuoo","Opfake"
"org.me.androidapplication1","FakePlayer"
"com.opera.install","Opfake"
"com.zft","ExploitLinuxLotoor"
"com.cdjm.reader.zheyang58","BaseBridge"
"astyu.nbhjt","Opfake"
"com.zimperium.zanti","Anti"
"com.talkweb.imoney","SendPay"
"com.keji.danti421","BaseBridge"
"com.dreamstep.webWidget.wWEBRADIOPOPFORYOUmobile","FakeFlash"
"com.extend.battery","FakeDoc"
"com.ps.opensudoku","DroidKungFu"
"com.extend.battery","FakeDoc"
"com.km.launcher","Kmin"
"com.nineiworks.wordsXGN","DroidKungFu"
"com.ps.square","DroidKungFu"
"com.keji.danti665","BaseBridge"
"AppSecurity.Client","Yzhc"
"org.tonee.fly.widgets.free","Plankton"
"app.apk","FakePlayer"
"fourthofjuly.iconosys.eng","Iconosys"
"com.zs.terence.activity","Placms"
"com.rdwl.qwkj.malaup.android.action","Geinimi"
"com.radioadv","SpyBubble"
"com.km.installer","Kmin"
"com.retinax.android","Mobilespy"
"com.tx.site","MobileTx"
"com.dreamstep.wMobileSpySoftware","Mobilespy"
"com.keji.danti430","BaseBridge"
"com.software.application","FakeInstaller"
"com.mai.livewallpaper.hyperspacelite","Plankton"
"animalseat.iconosys.eng","Iconosys"
"com.extend.battery","FakeDoc"
"com.flashp","CrWind"
"com.mogo.five","DroidKungFu"
"com.neolance123.spiderswipe","FakeRun"
"com.ysler.wps.bleach","Imlog"
"com.software.app","FakeInstaller"
"com.free_apps.golocker_iphone4_mac","Plankton"
"kk.android","Jifake"
"com.soft.android.appinstaller","FakeInstaller"
"com.km.launcher","Kmin"
"com.gsoftteam.thewifihacker","Plankton"
"gvvwtjh.btvamydntnm","Opfake"
"com.vqpkmc","GinMaster"
"com.extend.battery","FakeDoc"
"com.z4mod.z4root","ExploitLinuxLotoor"
"tp5x.WGt12","Opfake"
"com.google.usagestats.updater","Cawitt"
"cn.tinrqca.dgltqccse_u","GinMaster"
"com.sivartech.spyphone","SpyPhone"
"com.km.launcher","Kmin"
"com.synteo.prospy","Spyset"
"com.software.application","FakeInstaller"
"vbkoxh.cswnpr","Opfake"
"com.gp.netscramblefull","DroidKungFu"
"com.bratolubzet.stlstart","FakeInstaller"
"com.wCMCC","Hamob"
"com.wEarnMoneyForFree","Hamob"
"com.extend.battery","FakeDoc"
"com.free_apps.galaxy","Plankton"
"com.soft.android.appinstaller","FakeInstaller"
"fllpusub.nwovthu","Opfake"
"com.software.application","FakeInstaller"
"com.zft","ExploitLinuxLotoor"
"com.typ3studios.easybutton","Typstu"
"com.bratolubzet.stlstart","FakeInstaller"
"com.convertoman.proin","FakeInstaller"
"com.convertoman.proin","FakeInstaller"
"com.ps.mine","DroidKungFu"
"com.first.azip","SMSreg"
"Jk7H.PwcD","Opfake"
"com.magicwach.rdefense","Adrd"
"com.appspot.swisscodemonkeys.steam","Adrd"
"jp.gamedouga","Dougalek"
"com.picvision.seaweedweather","SeaWeth"
"ru.jabox.android.smsbox.sexbox","SMSreg"
"kk.android","Jifake"
"com.convertoman.proin","FakeInstaller"
"com.google.android.lifestyle","TigerBot"
"com.cxjf.appmanager","DroidKungFu"
"com.keji.danti655","BaseBridge"
"com.crazyapps.time.limit.kids.users.bring.me.back.my.droid","Plankton"
"com.soft.android.appinstaller","FakeInstaller"
"com.nanoha.SenseScreen","Gappusin"
"com.software.apk","FakeInstaller"
"security.Phone","Stealthcell"
"com.typ3studios.airhorn","Typstu"
"com.software.application","FakeInstaller"
"com.agewap.soft","Opfake"
"net.qianyue.book.nky","Gappusin"
"com.ysler.wps.landscapehd","Imlog"
"com.ysler.wps.fantasy","Imlog"
"com.software.apk","FakeInstaller"
"com.reactor.livewallpaper.fallingsakura","Plankton"
"com.company3L.FindMyPhone","SpyHasb"
"com.find_racing_tyres.free","Plankton"
"com.AmazingBullshit.HolyFuckingBible","Smspacem"
"jqwnryufwbu.qlmpjr","Opfake"
"redrabbit.CityDefense","Geinimi"
"ad.notify1","Opfake"
"com.gthu.cfdvuvkbblncc.lhrpcrmr.vjiqa","GinMaster"
"com.gp.geekadoo","DroidKungFu"
"com.synteo.prospy","Spyset"
"com.mogo.smspopup","DroidKungFu"
"com.ps.ddp","DroidKungFu"
"com.ptowngames.puzzles.camels","Plankton"
"com.depositmobi","Boxer"
"app.BatteryMonitor","Xsider"
"com.summergames.whackyourdictator","Plankton"
"com.xqxmn18.pic","SMSZombie"
"com.keji.danti395","BaseBridge"
"nuu643.JJK73f","Opfake"
"iconosys.valentine.esp","Iconosys"
"com.Twilight.wallpapers","FakeInstaller"
"eng.trickortracker.us","Iconosys"
"myexpense.iconosys.eng","Iconosys"
"com.km.installer","Kmin"
"com.adamantsoft.android.littleprincerose","Plankton"
"com.talkweb.ycya","SendPay"
"football.photo.iconosys.eng","Iconosys"
"com.soft.android.appinstaller","FakeInstaller"
"com.quipack.a.b4fb39045200dfe000100004d","Plankton"
"com.load.wap","FakeInstaller"
"com.ophone.MiniPlayer","Adrd"
"wbs.LocalService","Geinimi"
"com.androiddoctor.batteryapp","FakeDoc"
"wbs.LocalService","Geinimi"
"com.driftwood.wallpaper.starlight.free","Plankton"
"com.livegame.wallpaperxingqiumj","DroidKungFu"
"com.tx.pet","MobileTx"
"com.glu.android.dinercn","DroidKungFu"
"com.alan.translate","DroidKungFu"
"com.alan.siwameinv3","DroidKungFu"
"com.incorporateapps.walktext","Pirater"
"com.software.android.install","FakeInstaller"
"com.terabyte.iphonelockbasketball","Plankton"
"com.bao.progimax.airhorn.free","Vdloader"
"com.bratolubzet.stlstart","FakeInstaller"
"Jk7H.PwcD","Opfake"
"com.sec.android.bridge","BaseBridge"
"com.alarm.puzle","Plankton"
"com.extend.battery","FakeDoc"
"jp.lptqsnvvauu.owgfihf","GinMaster"
"com.keji.danti420","BaseBridge"
"com.coollocker.jesus","Plankton"
"com.software.application","FakeInstaller"
"com.boxitsoft.bubblebatshooter","Plankton"
"com.km.launcher","DroidDream"
"com.software.install","FakeInstaller"
"com.llc.epepaed.jiig.nivo","GinMaster"
"com.fteui.ncubteejm","GinMaster"
"com.itcanadaadv.spy2mobile.s","Trackplus"
"com.atools.roottoolbox","DroidKungFu"
"com.andhat.FunnyCamera","Plankton"
"com.ps.pushbox","DroidKungFu"
"com.bratolubzet.stlstart","FakeInstaller"
"csllc.CellShark","Ceshark"
"myballlerina.photo.iconosys.eng","Iconosys"
"com.keji.danti691","BaseBridge"
"jp.youtuubedougamatome","Dougalek"
"ad.notify1","Opfake"
"com.soft.android.appinstaller","FakeInstaller"
"com.dessertapps.app.xperiaplaywallpapers","Plankton"
"com.android.downloader","Opfake"
"com.ps.kickmouse","DroidKungFu"
"com.wtrylhj","GinMaster"
"ewqjula.vderhjmfxb","Opfake"
"com.software.application","FakeInstaller"
"sunkay.BookYuanyangdao","DroidKungFu"
"cn.playboy.fgdhfgnghmg","Penetho"
"com.operas.installs","Opfake"
"birthday.photo.iconosys.eng","Iconosys"
"com.bratolubzet.stlstart","FakeInstaller"
"zausan.zdevicetests","Gamex"
"com.livegame.wallpaperxiaopohai","DroidKungFu"
"com.load.wap","FakeInstaller"
"eng.trickersticks.timeseight","Iconosys"
"com.jing.sp_pay","Placms"
"com.safesys.myvpn","DroidKungFu"
"com.rainbow.Dizz","Glodream"
"eng.trickersticks.mugshots","Iconosys"
"com.boxitsoft.gronchoalphastrike","Plankton"
"com.ps.keepaccount","DroidKungFu"
"com.extend.battery","FakeDoc"
"com.fp.games.droid.mhunt","Geinimi"
"vbkoxh.cswnpr","Opfake"
"com.extend.battery","FakeDoc"
"com.nineiworks.wordsXGN","DroidKungFu"
"com.software.application","FakeInstaller"
"com.adamantsoft.android.heartslwp","Plankton"
"com.phone.setup.mobile","DroidDream"
"com.software.app","FakeInstaller"
"it.inforbit.tropicalfish.lwp","Plankton"
"com.igamepower.appmaster","ExploitLinuxLotoor"
"com.app.downloader","Opfake"
"com.keji.danti1040","BaseBridge"
"com.ps.blackwhite","DroidKungFu"
"com.wbs","Geinimi"
"com.software.app","FakeInstaller"
"com.ps.kickmouse","DroidKungFu"
"com.soft.android.appinstaller","FakeInstaller"
"com.safesys.myvpn","DroidKungFu"
"springwedding.photo.iconosys.eng","Iconosys"
"t4t.power.management","GGtrack"
"com.androidemu.harvesgmario","Gappusin"
"com.bratolubzet.stlstart","FakeInstaller"
"com.jiasoft.swreader","Gappusin"
"com.bratolubzet.stlstart","FakeInstaller"
"com.redmicapps.puzzles.ladies3","Plankton"
"com.software.application","FakeInstaller"
"com.redmicapps.puzzles.ladies2","Plankton"
"com.bjordkpw.fhebfpiph","GinMaster"
"chaire1.mm","Geinimi"
"com.convertoman.proin","FakeInstaller"
"com.livegame.wallpaperlangmanxk","DroidKungFu"
"com.keji.danti427","BaseBridge"
"com.keji.danti628","BaseBridge"
"com.convertoman.proin","FakeInstaller"
"com.ophone.MiniPlayer","Adrd"
"Jk7H.PwcD","Opfake"
"com.keji.danti399","BaseBridge"
"vbkoxh.cswnpr","Opfake"
"com.nicky.lyyws.xmall","Nickspy"
"com.picshow1","GinMaster"
"qsl.ji.pt.pvtkvgvjn","GinMaster"
"com.software.application","FakeInstaller"
"com.RZStudio.iMine","Raden"
"com.custom.lwp.MagictouchWaterwavesphoneone","Plankton"
"com.alan.asianmeinv2","DroidKungFu"
"com.extend.battery","FakeDoc"
"com.celb.wall.av","Plankton"
"com.livegame.wallpaperfengjing","DroidKungFu"
"com.safesys.superexplorer","DroidKungFu"
"com.soft.android.appinstaller","FakeInstaller"
"com.evilsunflower.reader.evil20ji","DroidKungFu"
"com.atools.appmanage.activity","DroidKungFu"
"com.tapfraagames.penguinfree","Gapev"
"ru.jabox.android.smsbox.sexbox","SMSreg"
"Jk7H.PwcD","Opfake"
"com.safetest.myapn","DroidKungFu"
"com.m_lbjnyycm","GinMaster"
"com.keji.danti624","BaseBridge"
"Jk7H.PwcD","Opfake"
"com.software.install","FakeInstaller"
"er.sound.effects","Plankton"
"com.convertoman.proin","FakeInstaller"
"org.longlong.bss","Plankton"
"Jk7H.PwcD","Opfake"
"com.synteo.spytrack","Spyset"
"com.dy.game.lianliankan","DroidKungFu"
"com.ninepvi.shield","BeanBot"
"ru.erwap.android.smsbox.lovebox","Boxer"
"wbs.netsentry","Geinimi"
"com.scoompa.voicechanger","Plankton"
"com.gmail.nagamatu.drocap","ExploitLinuxLotoor"
"com.goLocker.SebastianVettelTheme","Plankton"
"ewqjula.vderhjmfxb","Opfake"
"ad.notify1","Opfake"
"com.droidstu.game.devilninja","Glodream"
"com.convertoman.proin","FakeInstaller"
"com.tkw.msha.oq.qqvdsduar","GinMaster"
"com.keji.danti611","BaseBridge"
"ynlxcd.cwductjwjc","Opfake"
"com.ariasmyth1","GinMaster"
"com.software.application","FakeInstaller"
"com.load.wap","FakeInstaller"
"ru.android.app","Opfake"
"com.RZStudio.iMine","Zsone"
"com.tx.site","MobileTx"
"keepflame.timer.iconosys.eng","Iconosys"
"com.ang.activity","Tesbo"
"com.software.application","FakeInstaller"
"org.drhu.w7screensaverfree","Plankton"
"com.soft.android.appinstaller","FakeInstaller"
"com.software.app","FakeInstaller"
"com.GoldDream.TingTing07i","Glodream"
"mario.kart.alpha6","Copycat"
"com.keji.danti726","BaseBridge"
"com.convertoman.proin","FakeInstaller"
"com.go108.lic.free","SendPay"
"com.soft.android.appinstaller","FakeInstaller"
"com.zebilabs.freewaybiker","Plankton"
"com.ps.pushbox","DroidKungFu"
"com.nullsoft.prostub","FakeInstaller"
"com.software.application","FakeInstaller"
"ad.notify1","Opfake"
"com.z4mod.z4root","ExploitLinuxLotoor"
"com.feasy.jewels.FruitsMatching","Coogos"
"com.igamepower.appmaster","ExploitLinuxLotoor"
"com.xmobileapp.Snake_lv","FakeInstaller"
"ktinfo.ujeipiflr","GinMaster"
"com.creativemobi.DragRacing","Glodream"
"com.software.application","FakeInstaller"
"com.iconosys.barstrobe","Iconosys"
"com.software.app","FakeInstaller"
"com.software.application","FakeInstaller"
"com.mogo.shuiguollk","DroidKungFu"
"com.brianrileyar.sonic","FakeRun"
"it.inforbit.spacenightday","Plankton"
"org.me.androidapplication1","FakePlayer"
"com.software.application","FakeInstaller"
"org.gameabsg","Plankton"
"csllc.CellShark","Ceshark"
"net.kidlogger.kidloggerlight","Kidlogger"
"pro.sportapps.fc.liverpool.clock.widget","Plankton"
"download.music.free.paradise.wizard","FakeRun"
"com.catsw.lovetutor","DroidKungFu"
"com.soft.android.appinstaller","FakeInstaller"
"com.evilsunflower.reader.evilGongxin","DroidKungFu"
"com.socialin.android.photo.liquidfacepro","BeanBot"
"com.convertoman.proin","FakeInstaller"
"com.tx.farm","MobileTx"
"com.convertoman.proin","FakeInstaller"
"com.bottleworks.dailymoney","DroidKungFu"
"com.software.app","FakeInstaller"
"com.neolance123.doodlejump","FakeRun"
"com.software.application","FakeInstaller"
"flashlightpro.chelle","Plankton"
"com.keji.danti707","BaseBridge"
"com.example.android.service","FakeTimer"
"siir.atools.adbWireless","DroidKungFu"
"com.google.android.smart","RootSmart"
"com.iur_notkna","GinMaster"
"nmwurmoxc.vwtavlp","Opfake"
"com.agewap.ero.gallery","Opfake"
"esp.santa.iconosys","Iconosys"
"yippie.photo.iconosys.eng","Iconosys"
"org.expressme.love.ui","Xsider"
"com.BoatMadnessGold","Plankton"
"com.keji.danti406","BaseBridge"
"AirforceTrafficGold.com","Plankton"
"com.andiord","Adsms"
"com.depositmobi","Boxer"
"com.di.internet_accelerator","Plankton"
"com.jovasoft.burpingsmiley","Plankton"
"com.km.launcher","Kmin"
"com.turbophone","SMSreg"
"com.heroit.tzuwei.lite","SendPay"
"com.software.application","FakeInstaller"
"com.ps.kickfly","DroidKungFu"
"com.tebs3.cuttherope","DroidKungFu"
"jqwnryufwbu.qlmpjr","Opfake"
"com.han.swrlcx1","Gappusin"
"com.koollocks.flat_earth","Plankton"
"com.extend.battery","FakeDoc"
"in.droidplay.whiterose","Plankton"
"photowithghog.iconosys.eng","Iconosys"
"com.geeksoft.screenshot","Plankton"
"com.zehoroscope.fr.horoscopedujour.cancer","Plankton"
"com.options.list","DroidDream"
"com.software.android.install","FakeInstaller"
"evolution.iconosys.eng","Iconosys"
"com.BikeRiderGold","Plankton"
"com.electricsheep.master.paintpro","DroidDream"
"com.soft.android.appinstaller","FakeInstaller"
"com.bratolubzet.stlstart","FakeInstaller"
"com.killer.perform","DroidDream"
"mypromdress.photo.iconosys.eng","Iconosys"
"com.gp.zoo","DroidKungFu"
"com.sandman.prospero","Proreso"
"com.android.server.touchScreen","BaseBridge"
"com.jmiqclugc.qfnmpelawoito","GinMaster"
"com.company3L.FindMyPhone","SpyHasb"
"org.tonee.sense3.organizer.free","Plankton"
"com.mobileriders.fatburning.yoga","Plankton"
"com.creatiosoft.rubicscube","Plankton"
"wap.syst.two","Opfake"
"com.software.application","FakeInstaller"
"com.jx.theme.n1766152022","Kmin"
"com.zhangling.anTest16","BaseBridge"
"com.indeliblezone.jerrysnack","Plankton"
"com.keji.danti1012","BaseBridge"
"cooshare.zeno.tinygame.lovetrap","Cosha"
"com.software.application","FakeInstaller"
"ad.notify1","Opfake"
"com.joyce.wps.abstract2","Imlog"
"com.ANTIVIRUS.TESTFILE","EICAR-Test-File"
"com.scenicwallpaper","GinMaster"
"com.keji.danti658","BaseBridge"
"com.keji.danti568","BaseBridge"
"com.software.install","FakeInstaller"
"eu.the.sdm","Gapev"
"com.gamesns","GinMaster"
"com.typ3studios.flashlight","Typstu"
"com.ps.kickmouse","DroidKungFu"
"alB.egUWc","GinMaster"
"com.livegame.wallpapertoumingyd","DroidKungFu"
"com.catking.jndlj","BaseBridge"
"com.custom.lwp.MagicblinkElectricscorpion","Plankton"
"smskb.com","Geinimi"
"tencent.qqgame.lord","BaseBridge"
"com.convertoman.proin","FakeInstaller"
"com.software.application","FakeInstaller"
"de.trier.infsec.koch.droidsheep","DroidSheep"
"com.extend.battery","FakeDoc"
"com.software.application","FakeInstaller"
"com.pursuegirls","BaseBridge"
"com.soft.android.appinstaller","FakeInstaller"
"com.keji.danti730","BaseBridge"
"com.opera.installer","Opfake"
"com.software.application","FakeInstaller"
"com.fettinger.smsbomber","Bosm"
"Korton.Client","Yzhc"
"com.test","BaseBridge"
"com.keji.danti675","BaseBridge"
"baltorogames.nquaijhep","GinMaster"
"de.trier.infsec.koch.droidsheep","DroidSheep"
"com.ppxiu","Yzhc"
"com.livegame.wallpaperribennvyou","DroidKungFu"
"com.extend.battery","FakeDoc"
"xgqkjm.bfveeopo","Opfake"
"com.cooshare.www.httpconn","Cosha"
"com.software.installation","FakeInstaller"
"com.ps.ddp","DroidKungFu"
"com.wCoGiaoThao","Hamob"
"fhvm.vnnej","Opfake"
"com.qt.player1","Copycat"
"com.devian69.tubemate","FakeRun"
"com.tx.huangdao","MobileTx"
"eng.trickersticks.generals","Iconosys"
"com.keji.danti767","BaseBridge"
"ad.notify1","Opfake"
"com.free_live_wallpapers_hd.christiano_ronaldo","Plankton"
"com.crazyapps.favorite.games.backup","Plankton"
"com.ruoshui","Geinimi"
"com.typ3studios.whoopee","Typstu"
"com.spy2mobile.s","SpyMob"
"com.phone.setup.mobile","DroidDream"
"FiveChessSuper.Client.Game","Yzhc"
"com.apostek.apps.touchfootball","Plankton"
"com.iphonelocker.iphonelocker04_deer","Nyleaker"
"com.qualitywall","GinMaster"
"sex.sexy","Geinimi"
"com.extend.battery","FakeDoc"
"bubei.pureman","BaseBridge"
"com.keji.danti698","BaseBridge"
"com.exiticapps.golockersexygal","Plankton"
"com.kituri.activity","Placms"
"com.gp.mahjongg","DroidKungFu"
"soccer.photo.iconosys.eng","Iconosys"
"aahbca.oohein.iiwea","Jifake"
"com.rainbow.FMajor","Glodream"
"com.edu.farmanimals","Copycat"
"com.tutusw.phonespeedup","DroidKungFu"
"com.ruavjvivrtbuspsnihgvfjhnfr","GinMaster"
"com.safetest.qian","DroidKungFu"
"com.soft.android.appinstaller","FakeInstaller"
"com.rtcmuwlqbknjiitd.nweepifljf","GinMaster"
"com.horapps.family","Plankton"
"com.communication.eraser","DroidDream"
"com.cube.liveWallpaper_johnnydepp","Plankton"
"com.jx.theme.n1898406977","Kmin"
"com.software.application","FakeInstaller"
"com.vvt.android.syncmanager","Flexispy"
"com.Beauty.Girl","DroidDream"
"app.BatteryMonitor","Xsider"
"com.tx.pet","MobileTx"
"iits.spyoo","Spyoo"
"com.software.application","FakeInstaller"
"com.animewallpaper","GinMaster"
"sunkay.AndroidApp5","DroidKungFu"
"com.convertoman.proin","FakeInstaller"
"com.company3l.PhoneLocatorViewer","SpyHasb"
"com.droidhen.traffic","Coogos"
"com.software.install","FakeInstaller"
"com.jt.BallPuzzle","Plankton"
"com.jx.theme.n551336823","Kmin"
"tp5x.WGt12","Opfake"
"com.software.application","FakeInstaller"
"com.popstar.kattyperry","Plankton"
"RZStudio.game.shakebreak","Zsone"
"com.Angry.Birds","FakeInstaller"
"com.ss.go.locker.theme.launcher.ex.sky","Plankton"
"com.software.application","FakeInstaller"
"com.mogo.smspopup","DroidKungFu"
"com.keji.danti733","BaseBridge"
"wap.cash","Opfake"
"com.gp.mahjongg","DroidKungFu"
"com.macte.JigsawPuzzle.Nature","Plankton"
"csllc.CellShark","Ceshark"
"com.mogo.gongfupuzzle","DroidKungFu"
"com.plus.sms2mailX","QPlus"
"com.ps.wordsearch.view","DroidKungFu"
"vbkoxh.cswnpr","Opfake"
"app.BatteryMonitor2_0","Xsider"
"jojo.widget.mood","BaseBridge"
"com.evilsunflower.farmer","DroidKungFu"
"com.pintu_gtmtpt","GinMaster"
"org.android.system","Spitmo"
"com.km.launcher","Kmin"
"com.software.application","FakeInstaller"
"ad.notify1","Opfake"
"vbkoxh.cswnpr","Opfake"
"eng.trickersticks.timesone","Iconosys"
"com.first.azip","SMSreg"
"com.safetest.five","DroidKungFu"
"com.software.application","FakeInstaller"
"com.banana.spycameralite","Plankton"
"com.GoldDream.TingTing10ii","Glodream"
"com.ps.mine","DroidKungFu"
"com.sjli.TingTing10II","Glodream"
"com.igamepower.appmaster","GinMaster"
"worldsbest.photo.iconosys.eng","Iconosys"
"com.software.android.install","FakeInstaller"
"com.darkyrom.darkyconfig","ExploitLinuxLotoor"
"com.gp.tiltmazes","DroidKungFu"
"craftshowbuzzer.iconosys.eng","Iconosys"
"ad.notify1","Opfake"
"com.jx.theme.n1334038465","Kmin"
"com.qixin.ytujumpp","Gappusin"
"ics.cream.go.launcher.ex.theme","Plankton"
"com.software.application","FakeInstaller"
"com.tx.site","MobileTx"
"cn.jnagtio.aphvebenq_l","GinMaster"
"com.software.app","FakeInstaller"
"com.soft.android.appinstaller","FakeInstaller"
"com.cotal.android.flagecall","FakeInstaller"
"com.han.yfcs1","Gappusin"
"com.rxs15.android","Mobilespy"
"synteo.spysat","Spyset"
"com.depositmobi","Boxer"
"com.bfonjwq.lobu.dqcpeuoemwpdou","GinMaster"
"vbkoxh.cswnpr","Opfake"
"com.ps.llk","DroidKungFu"
"com.ps.kickfly","DroidKungFu"
"Jk7H.PwcD","Opfake"
"com.software.application","FakeInstaller"
"NHW.oRnUhQO","GinMaster"
"com.tx.fate","MobileTx"
"com.JarvisStephenson4541.dudeperfect","FakeRun"
"vbkoxh.cswnpr","Opfake"
"com.software.application","FakeInstaller"
"vhb.jdsmtfelivi","GinMaster"
"com.convertoman.proin","FakeInstaller"
"com.ps.keepaccount","DroidKungFu"
"com.gp.tiltmazes","DroidKungFu"
"com.ariasmyth1","GinMaster"
"com.keji.danti619","BaseBridge"
"run.cumdcvlmpe","GinMaster"
"com.tencent","Adrd"
"com.km.launcher","Kmin"
"com.gp.jewels","DroidKungFu"
"com.extend.battery","FakeDoc"
"com.install.droid","Opfake"
"com.extend.battery","FakeDoc"
"com.livegame.wallpapertoumingyd","DroidKungFu"
"com.ysler.wps.HD","Imlog"
"Jk7H.PwcD","Opfake"
"com.palmdream.sudoku","Gappusin"
"com.safesys.viruskiller","DroidKungFu"
"Jk7H.PwcD","FakeInstaller"
"com.axxyoma.mobile","Aks"
"ad.notify1","Opfake"
"com.software.opera","FakeInstaller"
"com.talkweb.ycya.free","SendPay"
"com.extend.battery","FakeDoc"
"familypics.iconosys.eng","Iconosys"
"com.ps.pushbox","DroidKungFu"
"com.software.application","FakeInstaller"
"com.rvcdb.fqudgaisqho","GinMaster"
"com.pintu_qshfyj","GinMaster"
"com.software.application","FakeInstaller"
"com.nicky.lyyws.xmall","Nickspy"
"thexfactor.iconosys.eng","Iconosys"
"com.extend.battery","FakeDoc"
"com.gp.solitaire","DroidKungFu"
"com.android.lightbox","Gmuse"
"hanginwgnomies.photo.iconosys.eng","Iconosys"
"com.FourCobblers.Free.PhoneLock","FoCobers"
"com.keji.danti405","BaseBridge"
"com.GoldDream.TingTing11i","Glodream"
"vbkoxh.cswnpr","Opfake"
"Jk7H.PwcD","Opfake"
"com.soft.android.appinstaller","FakeInstaller"
"net.maxicom.android.snake","Tapsnake"
"com.apk.op","Adrd"
"com.gp.solitaire","DroidKungFu"
"download.youtube.downloader.p1","FakeRun"
"com.jx.theme.n825659528","Kmin"
"com.talkweb.imoney","SendPay"
"com.jx.theme.n357710082","Kmin"
"com.wallpaper.girlsbigbutt","Plankton"
"ynlxcd.cwductjwjc","Opfake"
"com.custom.lwp.MagictouchHeartofrosesone","Plankton"
"nmwurmoxc.vwtavlp","Opfake"
"com.Wuzla.game.DoodleDashh","Glodream"
"ad.notify1","Opfake"
"com.software.application","FakeInstaller"
"com.zs.terence.activityforav","Placms"
"appinventor.ai_rathiisarun.XrayScanner","Fatakr"
"com.carmodelcamp","GinMaster"
"com.adwo.android.snake","DroidKungFu"
"com.uafwhwwrfeb.ujomcqrfeesgn","GinMaster"
"com.ogsuquimp.cikpiofhk","GinMaster"
"com.agilebinary.phonebeagle","Biige"
"com.sec.android.touchScreen.server","BaseBridge"
"com.ebuguan.owfprur.gomklbbfs_dwdou_igkvre_gknh","GinMaster"
"com.evilsunflower.reader.evilMeiguo8","DroidKungFu"
"ynlxcd.cwductjwjc","Opfake"
"com.software.apk","FakeInstaller"
"com.software.application","FakeInstaller"
"ru.droid.install","Opfake"
"com.gp.tiltmazes","DroidKungFu"
"com.keji.danti415","BaseBridge"
"com.wCMCC","Hamob"
"com.fabd.hwljk.pjdlrsteqd","GinMaster"
"com.johncar.terranowa","FakeInstaller"
"com.keji.danti1052","BaseBridge"
"com.km.launcher","Kmin"
"android.lhzj.com","Stiniter"
"Jk7H.PwcD","Opfake"
"de.trier.infsec.koch.droidsheep","DroidSheep"
"vbkoxh.cswnpr","Opfake"
"com.load.wap","FakeInstaller"
"com.haircaretips.hair.care.tips","Plankton"
"euthanasiapoll.iconosys.eng","Iconosys"
"Jk7H.PwcD","Opfake"
"com.km.launcher","Kmin"
"com.info.eraser.glance","DroidDream"
"org.underdev.penetrate","Penetho"
"com.tutusw.onekeyvpn","DroidKungFu"
"com.km.launcher","Kmin"
"com.celb.wall.wwedivas","Plankton"
"com.software.apk","FakeInstaller"
"com.hquoaehi.bcjhtmcwb","GinMaster"
"nmwurmoxc.vwtavlp","Opfake"
"com.wsuuiib.eidsvqkha","GinMaster"
"com.Car","TrojanSMS.Hippo"
"com.example.android.service","FakeTimer"
"com.batteryiconmod.atools.battery","DroidKungFu"
"com.keji.danti630","BaseBridge"
"vbkoxh.cswnpr","Opfake"
"com.allen.txtxcb","DroidKungFu"
"com.macte.JigsawPuzzle.Tales","Plankton"
"hider.AppInstall.nvanmoshiriji_V31_mumayi_aff08","Xsider"
"com.soft.android.appinstaller","FakeInstaller"
"com.software.application","FakeInstaller"
"com.catking.dqe","Gappusin"
"fhvm.vnnej","Opfake"
"Jk7H.PwcD","Opfake"
"com.keji.danti422","BaseBridge"
"gamead.CigaretteFighterPro","Plankton"
"com.soft.android.appinstaller","FakeInstaller"
"com.gp.jewels","DroidKungFu"
"com.km.launcher","Kmin"
"com.convertoman.proin","FakeInstaller"
"com.alan.translate","DroidKungFu"
"com.gp.mahjongg","DroidKungFu"
"com.load.wap","FakeInstaller"
"com.FourCobblers.Free.PhoneLock","FoCobers"
"com.soft.android.appinstaller","FakeInstaller"
"com.gp.search","DroidKungFu"
"com.zs.terence.martial.dn","Placms"
"com.software.application","FakeInstaller"
"com.soft.android.appinstaller","FakeInstaller"
"com.convertoman.proin","FakeInstaller"
"vbkoxh.cswnpr","Opfake"
"HamsterSuper.Client.Game","Yzhc"
"com.livegame.android.shelves","DroidKungFu"
"com.software.application","FakeInstaller"
"com.ps.kickfly","DroidKungFu"
"com.soft.android.appinstaller","FakeInstaller"
"org.openintents.filemanager","DroidKungFu"
"com.soft.android.appinstaller","FakeInstaller"
"irdc.F1WPCG","DroidKungFu"
"com.JarvisStephenson4541.plantsvszombies","FakeRun"
"com.heroit.tzuwei.lite","SendPay"
"com.safetest.compass","DroidKungFu"
"com.acid","ExploitLinuxLotoor"
"com.rjblackbox.swl","SmsWatcher"
"vbkoxh.cswnpr","Opfake"
"guessclothes.com.game","DroidKungFu"
"com.RZStudio.cube","Raden"
"ch.boa.smalltech.battery.free","Vdloader"
"com.wangwu.birdcatchprogold","Plankton"
"com.jx.theme.n2130263353","Kmin"
"com.software.application","FakeInstaller"
"solgfsuu.bevamyufi","Opfake"
"com.bitlogik.uconnect","Geinimi"
"Jk7H.PwcD","Opfake"
"com.km.launcher","Kmin"
"com.apperhand.amazon.appstore.free.app.of.the.day","Plankton"
"com.wallpapers.belsuejapon","Plankton"
"com.jx.theme.n1334038465","Kmin"
"com.software.opera","FakeInstaller"
"com.katecca.screenofflock","Fakengry"
"pjo.wuqbnb.ufnhiqwoc","GinMaster"
"com.software.application","FakeInstaller"
"com.glu.android.dinercn","DroidKungFu"
"com.software.android.install","FakeInstaller"
"com.joyce.wps.greeting","Imlog"
"kagegames.apps.DWBeta","Dogowar"
"com.ps.keepaccount","DroidKungFu"
"com.keji.danti700","BaseBridge"
"com.appsministry.books.test","SMSreg"
"com.rrwoin.wcsn","GinMaster"
"com.keji.danti690","BaseBridge"
"com.ps.yams","DroidKungFu"
"com.tx.chat","MobileTx"
"com.android.installer.full","FakeInstaller"
"com.safesys.remover","DroidKungFu"
"com.netmite.andme.launcher.u_04210435043a044004","Boxer"
"com.dangerous_bloody_war.free","Plankton"
"com.dlprmiqmbm.upkmf","GinMaster"
"nuu643.JJK73f","Opfake"
"com.wallpapers.belsueanimalsskins","Plankton"
"download.youtube.downloader.v15","FakeRun"
"com.mofpulw.drqvjtiiog","GinMaster"
"com.software.application","FakeInstaller"
"com.extend.battery","FakeDoc"
"ad.notify1","Opfake"
"com.software.application","FakeInstaller"
"com.wTdtandroid","Hamob"
"JawbreakerSuper.Game","Yzhc"
"com.apmenfia.jflllgius","GinMaster"
"com.rspl16.nanny.android","Mobilespy"
"com.safetest.compass","DroidKungFu"
"com.bluedares.colorteaser","Plankton"
"com.keji.danti647","BaseBridge"
"com.load.wap","FakeInstaller"
"ad.notify1","Opfake"
"org.andhat.PhotoSketch","Plankton"
"ad.notify1","Opfake"
"com.software.app","FakeInstaller"
"com.safetest.Star","DroidKungFu"
"com.awrlg.dbvmpg.rswo.chaqe.rtttw.rzqsg","GinMaster"
"com.software.install","FakeInstaller"
"com.rockshow.demi","Plankton"
"org.andhat.WebCamFree","Plankton"
"com.safesys.onekeyvpn","DroidKungFu"
"com.jx.theme.n599170593","Kmin"
"ru.droid.install","Opfake"
"com.wimolife.VideoTube","Plankton"
"com.security.service","Zitmo"
"com.celb.wall.supermario","Plankton"
"com.dtm","Adrd"
"com.software.application","FakeInstaller"
"com.macte.Wallpaper.Anime","Plankton"
"com.safesys.myvpn2","DroidKungFu"
"com.macte.JigsawPuzzle.UnderwaterWorld","Plankton"
"com.Beauty.Leg","DroidDream"
"com.accutracking","AccuTrack"
"com.evilsunflower.reader.evilZenyang16","DroidKungFu"
"Super.mobi.eraser","ExploitLinuxLotoor"
"com.alan.translate","DroidKungFu"
"Jk7H.PwcD","Opfake"
"com.safesys.remover","DroidKungFu"
"com.sexy_girls.koreas_sex_bomb","Plankton"
"com.android.downloader","Opfake"
"com.keji.danti410","BaseBridge"
"com.android.nmh.reader","Lemon"
"com.neore.ukeee","Jifake"
"eng.trickersticks.dinosaurs","Iconosys"
"Jk7H.PwcD","Opfake"
"com.keji.danti623","BaseBridge"
"com.quipack.a.b4fb0e5d81cd3230001005a94","Plankton"
"com.ps.keepaccount","DroidKungFu"
"sunkay.BookXWZ","DroidKungFu"
"com.planktond.guesslogo","Plankton"
"com.ps.kickfly","DroidKungFu"
"com.soft.android.appinstaller","FakeInstaller"
"com.hazuu.don","Boxer"
"com.software.application","FakeInstaller"
"solgfsuu.bevamyufi","Opfake"
"com.nnew.GTAHDBackground","Fsm"
"com.keji.danti1003","BaseBridge"
"com.macte.JigSaw.Food","Plankton"
"com.soft.android.appinstaller","FakeInstaller"
"com.choopcheec.android.snake","Plankton"
"gps.ollcmhqtga.mofqewomlfriqko","Glodream"
"appinventor.ai_T10D78.BloonsTD4","Fatakr"
"com.tx.look","MobileTx"
"com.atools.netTrafficStats","DroidKungFu"
"tw.nicky.RemoteControlPhone","NickyRCP"
"org.soft88.ttf","Plankton"
"mustachebooth.iconosys.eng","Iconosys"
"com.quipack.a.b4ec5a7c21ae6fe00010000e8","Plankton"
"com.software.application","FakeInstaller"
"com.dseffects.MonkeyJump2","Geinimi"
"com.moonbeam.android.magicshop","Geinimi"
"com.tang.android.lighter","DroidDream"
"com.gp.jaro","DroidKungFu"
"com.boxitsoft.feedyourmonster","Plankton"
"com.crazyapps.shake.to.fake.call","Plankton"
"com.virsir.android.chinamobile10086","SerBG"
"com.soft.android.appinstaller","FakeInstaller"
"com.software.application","FakeInstaller"
"com.appspot.yourdepot.butterflies","Plankton"
"com.safetest.compass","DroidKungFu"
"com.convertoman.proin","FakeInstaller"
"com.software.application","FakeInstaller"
"com.software.application","FakeInstaller"
"com.gp.solitaire","DroidKungFu"
"com.gmail.jaggersoftware.sheriffandroid","SheriDroid"
"waterfall3dLive.boa.liveWPcube","Vdloader"
"com.software.application","FakeInstaller"
"com.convertoman.proin","FakeInstaller"
"com.alan.asianmeinv3","DroidKungFu"
"com.photocontest","GinMaster"
"Jk7H.PwcD","Opfake"
"Jk7H.PwcD","Opfake"
"appinventor.ai_rathiisarun.Ipad2App","Fatakr"
"com.evilsunflower.reader.evilRenxing10","DroidKungFu"
"com.quipack.a.b4f38308fcabc440001011437","Plankton"
"com.android.apkmanager","Gappusin"
"com.virsir.android.chinamobile10086","SerBG"
"org.openintents.filemanager","DroidKungFu"
"pro.sportapps.ac.milan.go.locker.theme","Plankton"
"net.skyscanner.android.main","Generic"
"com.free_apps.sexfacts","Plankton"
"com.tx.look","MobileTx"
"de.greenrobt.kmpa","Glodream"
"com.extend.battery","FakeDoc"
"com.ps.yams","DroidKungFu"
"com.ps.ddp","DroidKungFu"
"com.kayac.bm11.recoroid","BaseBridge"
"com.bratolubzet.stlstart","FakeInstaller"
"vbkoxh.cswnpr","Opfake"
"com.keji.danti418","BaseBridge"
"com.mj.iBook","Raden"
"gvvwtjh.btvamydntnm","Opfake"
"com.boxitsoft.superhockeyglow1","Plankton"
"baltorogames.ieqjkdfuf","GinMaster"
"com.keji.danti679","BaseBridge"
"com.convertoman.proin","FakeInstaller"
"com.gp.paopaoyu","DroidKungFu"
"com.iconosys.djstrobe","Iconosys"
"net.mwkek","FakeInstaller"
"android.hgkg.com","Stiniter"
"com.depositmobi","Boxer"
"com.keji.danti422","BaseBridge"
"com.software.application","FakeInstaller"
"com.go108.lovecome","SendPay"
"com.extend.battery","FakeDoc"
"ru.jabox.android.smsbox.jokebox","SMSreg"
"com.gp.mahjongg","DroidKungFu"
"com.bratolubzet.stlstart","FakeInstaller"
"com.inoxapps.finger_security_aqua","Nyleaker"
"com.ang.activity","Tesbo"
"ynlxcd.cwductjwjc","Opfake"
"Jk7H.PwcD","Opfake"
"kudgofcpa.cdddbuto","Opfake"
"com.extend.battery","FakeDoc"
"com.alan.siwameinv7","DroidKungFu"
"com.agewap.ero.gallery","Opfake"
"com.eleganttools.elegantringtonemaker","Plankton"
"ad.notify1","Opfake"
"com.ps.wordsearch.view","DroidKungFu"
"com.sjli.TingTing01II","Glodream"
"com.ps.pintu.view","DroidKungFu"
"com.extend.battery","FakeDoc"
